user_id,first_name,last_name,email,phone,address,date_of_birth,is_active,role_id,department_id,restaurant_id,client_id,subscription_id
1,Jennifer,Sanchez,trevor15@example.org,(398)622-8988x7130,"408 Cross Ridges
Hicksshire, GU 98194",1967-11-05,True,1,2,17,13,3
2,Rebecca,Ray,ramseymichael@example.com,864.586.5018,"440 Odom Avenue
North Randybury, AK 36839",1986-12-05,True,1,5,24,26,1
3,Curtis,Collins,dchang@example.org,(523)812-7139,"1579 Kimberly Fields Suite 762
Kyleview, FL 50635",1981-04-01,True,2,5,2,27,4
4,Teresa,Snyder,jose00@example.org,908.939.2425,"Unit 8646 Box 0324
DPO AP 76988",1976-01-15,True,1,4,11,18,4
5,Melanie,Smith,lmanning@example.net,261-682-0432x890,"440 Megan Track Apt. 031
Robertton, FM 19874",1984-07-08,True,5,4,45,21,4
6,Sergio,Chase,glennhoward@example.net,+1-458-407-1238,"USS Greer
FPO AE 27541",2003-02-02,True,1,4,7,10,4
7,Joshua,Swanson,chadfrederick@example.org,7294438129,"17907 Young Ramp Suite 362
New Matthewberg, NC 73123",1992-10-17,True,5,1,47,14,1
8,Jeffrey,King,hallshane@example.net,(435)823-2917x319,"90948 Angela Turnpike
Marvinfort, GA 06690",2002-08-30,True,5,9,5,22,4
9,Kelsey,Williams,friddle@example.com,2528487986,"362 Hernandez Freeway Apt. 280
Rayview, MT 10250",1968-12-10,True,3,3,13,28,1
10,Scott,Pham,mckaychristopher@example.net,(244)465-0679,"02873 Brown Manor Suite 064
North Richard, MA 65317",1980-04-15,True,1,9,27,24,1
11,Christopher,Bass,jodiyork@example.com,001-558-972-5657,"8133 James Island
Longfurt, WY 59055",1974-01-10,True,1,8,14,3,1
12,Jared,Phillips,ywright@example.com,+1-675-735-7222x06226,"238 Angela Branch
Lake Lori, MA 03272",1965-01-19,True,2,9,39,23,1
13,Justin,Ford,murphycarlos@example.com,4042515713,"828 David Turnpike Apt. 908
Andersonberg, KS 73121",1996-03-14,True,1,7,7,10,1
14,William,Wright,wandafranklin@example.com,001-960-507-9333x8296,"465 Jorge Lake
Mitchellport, FM 59574",1977-04-24,True,1,7,3,28,4
15,Patrick,Curry,susan99@example.net,+1-370-597-0493,"02104 Christopher Causeway Suite 593
Andersonhaven, MT 86232",1975-10-09,True,2,9,19,10,4
16,Alexis,White,zmoran@example.org,662.509.9778,"830 Stewart Road Apt. 413
New Travisstad, WV 47102",1971-05-02,True,5,8,43,14,4
17,Sharon,Mccarty,cchen@example.com,225.409.6683x6146,"2049 Joseph Gardens
South Lisaside, DC 40737",2001-03-28,True,1,8,15,6,1
18,Denise,Donaldson,sreed@example.com,4184660336,"107 Wright Forges
Wrighthaven, OK 30561",1962-07-20,True,5,7,46,5,1
19,Michelle,Scott,mrodriguez@example.com,(284)723-8962x0569,"152 Brianna Corners Suite 506
West Theresa, NC 56918",1968-08-11,True,5,4,8,6,1
20,Nicole,Mejia,ssimpson@example.net,646.482.5465x3398,"546 Alexander Isle
East Daniel, LA 91718",1990-08-09,True,5,6,22,3,4
21,Ryan,Brown,jenniferhansen@example.net,(258)512-8962,"0163 Felicia Estate Suite 872
Nataliehaven, AK 54054",1978-11-01,True,2,7,9,6,1
22,Haley,James,bdunn@example.org,001-697-488-1447x7598,"PSC 7421, Box 7923
APO AA 25017",1973-11-01,True,1,4,16,13,4
23,Larry,Stein,christopheralexander@example.com,+1-300-629-2826x1702,"414 Arnold Plaza Suite 458
West Kathyland, MA 84014",1986-11-17,True,1,4,41,3,1
24,Michael,Klein,alexandriacarroll@example.net,(470)822-7812x042,"0605 Michael Plains Apt. 429
Cassieton, CO 26818",2000-02-24,True,3,1,15,6,1
25,Larry,Wallace,joneslaura@example.net,449.274.9994x85913,"986 Carolyn Station Apt. 712
East Pamela, WY 64660",1993-09-17,True,5,2,10,29,1
26,Jody,Barker,cody87@example.org,001-958-986-5938x02859,"9760 Anthony Alley Apt. 483
West Douglasborough, WY 98733",1973-03-25,True,3,6,29,27,3
27,Barry,Ramos,millerfrank@example.org,2559329716,"821 Elizabeth Shoals Apt. 968
Zoeberg, IN 36876",1966-01-03,True,1,4,29,27,1
28,Wesley,Lee,ravenlamb@example.net,4064760540,"6871 Donald Park Suite 171
Thompsonchester, NY 02135",1965-05-30,True,2,9,20,30,1
29,Lauren,Meadows,zmorse@example.org,001-717-657-9664x448,"05684 Jennifer Junction Apt. 757
Davidshire, NM 10059",1960-06-24,True,2,8,23,15,3
30,Nicholas,Boyer,msolis@example.net,533-659-4156,"9004 Marcus Court
Port James, MA 95582",2001-04-24,True,2,5,1,30,3
31,Shawn,Foster,zacharylowe@example.com,001-232-353-2647x74273,"46791 Kim Valleys Suite 997
Robertton, WY 43750",1972-06-04,True,5,3,8,6,4
32,Wayne,Brown,davissarah@example.net,001-263-329-6657x2265,"93589 Sheri Cape
New Jessicaland, DE 67836",1991-03-20,True,2,5,3,28,4
33,Julia,Griffith,jason11@example.net,+1-725-542-3388x7138,"6976 Mcdaniel Pine
Port Ronald, AK 49010",2001-05-19,True,1,5,5,22,1
34,Melinda,Sparks,klove@example.org,+1-351-789-2336x28635,"713 Daniel Plains Apt. 415
East Scott, FM 98130",1995-04-15,True,2,6,30,17,4
35,Jerry,King,micheal37@example.com,7728184744,"46181 Phillips Dam Suite 794
Lake Robert, HI 09210",1976-02-07,True,5,5,29,27,1
36,Matthew,Marsh,thompsonveronica@example.org,976-233-4213,"296 Michael Track
Williamshaven, HI 53590",2000-05-22,True,3,2,39,23,1
37,Ernest,Castillo,pateljill@example.org,(920)876-4381x62417,"547 Smith Club Apt. 150
Thorntonside, NC 74168",1998-01-02,True,5,7,6,23,4
38,Mason,Lawrence,xwashington@example.com,001-771-256-0873,"95480 Ward Lock
North Kyle, GA 69115",1979-11-28,True,3,1,18,4,3
39,Patricia,Evans,arielalvarez@example.net,(868)284-8577x8092,"87311 Morgan Parks
Wilsonfort, PA 52348",1968-08-05,True,1,5,36,19,1
40,Alexander,Larson,bcruz@example.com,743.469.9892x1044,"33537 Adrian Ramp
West Misty, SD 29752",2000-08-13,True,1,3,2,27,3
41,Danielle,Davis,ybaker@example.com,(692)305-8414x520,"453 Harris Vista Suite 706
Katieshire, VI 51974",2000-10-18,True,5,9,8,6,3
42,Edward,Cherry,amandagreen@example.com,(815)623-4555,"USCGC Young
FPO AE 48841",1978-05-11,True,2,3,38,28,4
43,Brian,Wagner,jeffrey28@example.net,+1-771-369-5840x981,"030 Gina Court Apt. 037
Port Brittney, MN 75490",1985-10-13,True,1,6,35,8,2
44,Laura,Norton,juliejones@example.com,862-586-7750x544,"094 Williams Spurs Suite 102
New Benjamin, AR 51644",1988-10-30,True,5,7,24,26,4
45,Melissa,Butler,sheryl72@example.net,254-508-1355x474,"24145 Helen Rapid
Santoshaven, VI 73664",1989-08-12,True,1,9,50,12,4
46,Kaitlin,Jones,phamandrew@example.org,931-873-4525x163,"Unit 3777 Box 8706
DPO AP 87640",1975-10-05,True,2,3,33,11,1
47,Anthony,Parker,welchrobert@example.com,574.398.9085x968,"78533 Johnson Plaza
Westfort, VA 16322",1980-04-14,True,1,4,29,27,1
48,Stephen,Smith,lisa91@example.net,(285)249-5825x9668,"USS Miller
FPO AP 20505",2004-04-18,True,2,5,20,30,1
49,Robert,Hawkins,ortiztracie@example.org,001-582-234-4109x2703,"17602 Heather Island Apt. 642
Carlosmouth, OH 50489",1963-11-25,True,1,7,7,10,4
50,Amy,Chen,samuelwallace@example.net,+1-429-819-3393x07657,"19294 Anthony Mountain
Hornborough, AL 07566",1977-01-31,True,1,5,14,3,4
51,Carla,Williams,brownsara@example.org,7575143732,"3083 Nash Glen Suite 900
North Travisberg, PR 73586",1996-02-06,True,3,7,37,12,1
52,Matthew,Morris,stephanie98@example.net,719.841.7642x58704,"4380 Monroe Drives Apt. 308
South Jennifer, NJ 03574",1989-09-28,True,1,8,46,5,3
53,Donna,Spears,teresa22@example.com,+1-486-300-3464x859,"74304 Wilson Camp
Joneschester, MD 87103",2004-10-10,True,1,9,27,24,1
54,Caitlyn,Harrison,marclee@example.com,4447722388,"2917 Chapman Hollow
North Adrian, IN 68386",1983-03-16,True,2,6,25,3,1
55,Joshua,Stuart,michellethomas@example.net,(737)512-3221x5278,"61853 Davis Springs Suite 539
North Joseph, IA 37563",1967-11-13,True,1,3,13,28,1
56,Brandon,Watson,jaymiller@example.net,216.787.6535,"8900 Griffin Mount
Zacharyberg, IA 33535",1965-02-25,True,1,1,22,3,1
57,Nathan,Miles,dalton10@example.net,7956368573,"3991 Taylor Fields Apt. 029
Kingland, VA 33831",2006-04-13,True,5,9,13,28,3
58,Tyler,Hudson,mark89@example.net,710.402.2307,"31992 Huff Creek
Lake Jillian, ID 32684",2005-11-17,True,3,6,31,3,4
59,Steven,Davis,foxshannon@example.org,892.286.8261,"59689 Michelle Inlet
West Seth, CT 42880",2001-05-22,True,5,6,33,11,1
60,Brianna,Johnson,balexander@example.net,(360)879-3970x6545,"9233 Wright Rest
East Samanthastad, NV 73525",2007-03-11,True,1,3,3,28,1
61,Christopher,Long,arellanorobert@example.com,001-859-683-9705x976,"4685 Amber Lane Suite 819
Katietown, NV 39733",1997-12-14,True,2,4,42,8,4
62,Evan,Mcguire,jamie06@example.com,976-780-5607,"32727 Cathy Groves Suite 351
East Bruceland, MP 34908",1993-02-22,True,1,1,14,3,4
63,Krystal,Thompson,michelle31@example.com,(553)789-7418x3647,"68683 Cooper Isle
Lisamouth, ID 12000",1978-07-14,True,2,3,24,26,2
64,Christopher,Russell,evaughn@example.net,285.211.3701,"150 Carolyn Hollow Apt. 405
New Robertchester, WI 45726",1974-08-29,True,5,8,32,10,1
65,Destiny,Smith,nichole16@example.net,+1-559-228-2503x4147,"9527 Ryan Mountains
East Jennifer, KS 89762",1994-03-18,True,3,2,36,19,4
66,Erin,Bartlett,ericparks@example.org,(986)297-7930,"64522 Turner Ramp
Lake Joseport, KS 30195",1963-06-02,True,2,1,13,28,4
67,Sandra,Kennedy,matthew95@example.com,001-259-629-9636,"212 Joshua Greens Suite 257
Port Krista, MP 66011",1976-06-16,True,3,9,28,30,1
68,Joshua,Butler,william14@example.net,001-554-767-0336x087,"598 Reyes Field Apt. 282
East Ethanview, OH 64145",1987-02-18,True,1,1,16,13,1
69,Kristen,Mccarthy,clinedebra@example.org,489.374.5057,"3571 Samantha Lodge
Jensenmouth, AZ 00629",1981-11-27,True,3,8,28,30,1
70,Karen,Baker,xvaughan@example.net,+1-432-243-9745x475,"0517 Cruz Drive Apt. 663
Lambertmouth, NY 05772",1993-03-12,True,2,5,11,18,3
71,Anita,Armstrong,franklinjohn@example.org,568-727-8005x356,"USNS Henderson
FPO AP 10561",1971-04-20,True,5,6,4,15,1
72,Jeffrey,Sherman,cjohnson@example.org,521.695.6699x262,"63779 Stephanie Forges
West Patricia, FM 57132",1999-05-31,True,5,2,27,24,2
73,Crystal,Reese,rspencer@example.net,(284)350-3672x5908,"70582 Kirby Drive Apt. 325
Sandraland, IN 92846",1965-02-18,True,1,4,16,13,4
74,Sandra,Myers,heidi54@example.com,(834)589-6152x64849,"75318 Tiffany Gateway Apt. 943
Meaganborough, VT 62546",1992-09-15,True,2,8,37,12,1
75,Thomas,Cook,martinezalicia@example.net,515-816-3200x86908,"4375 Palmer Centers
East Marthaside, PA 19704",1976-06-23,True,2,7,18,4,3
76,Wesley,Gibson,nguyenphilip@example.com,001-870-664-9976x4390,"74071 Dean Haven Suite 578
East Matthew, SD 74137",1989-05-13,True,5,2,3,28,1
77,Bryan,Jackson,mmartin@example.com,209-545-9880x953,"947 Elizabeth Village
Brianshire, SC 25245",1969-04-12,True,2,4,15,6,1
78,Adam,Beck,jonathan88@example.net,240-810-4657x7467,"3620 Robert Brooks Apt. 949
Lake Kevin, LA 42099",1989-11-22,True,2,1,4,15,1
79,William,Lloyd,solisraymond@example.net,545.369.9052,"145 Castro Ramp
New Robertfort, ID 93504",2000-02-09,True,3,6,6,23,2
80,Jennifer,Washington,nicole59@example.org,508-786-9318x437,"2961 Jill Orchard
New Andreport, MT 63790",1997-12-30,True,1,3,32,10,4
81,Kevin,Arnold,lopezrebekah@example.org,(318)444-0549,"284 Wilkinson Village
East Christopherland, OK 39314",1986-03-06,True,2,3,45,21,1
82,Danielle,Smith,qjensen@example.org,001-748-666-1459x1821,"5175 Martin Spring
Deniseshire, NC 60248",1985-06-19,True,2,5,5,22,1
83,Lori,Martin,bobarmstrong@example.org,(830)791-9431x37831,"63509 Crane Mountains Suite 351
West Lisaberg, GU 61358",1992-04-28,True,1,5,7,10,3
84,David,Wilcox,yjordan@example.org,861-420-0748,"975 Anderson Mountains Suite 740
North Ronaldtown, AS 74300",1985-04-23,True,3,1,36,19,1
85,Michael,Charles,ashley19@example.com,872-324-6854x157,"PSC 2289, Box 3008
APO AE 81244",2000-10-06,True,3,6,12,12,3
86,Katherine,Avila,harrisemily@example.net,798.238.0452x759,"5054 Delacruz Expressway Suite 871
Callahanland, NY 75569",1964-09-02,True,1,9,20,30,4
87,Kristen,Pearson,evanssamantha@example.net,+1-914-270-3687,"8682 Lucero Station
Bennettmouth, DE 98608",1992-01-30,True,3,7,25,3,1
88,Andrea,Jackson,ricky60@example.com,(791)330-0667,"658 Walker Inlet
Samanthaport, VT 58000",1969-01-22,True,3,2,17,13,1
89,Anthony,Campos,mary12@example.org,440-953-1586,"46714 Blair Port Suite 305
Mariafurt, IL 16637",2002-08-24,True,3,5,50,12,3
90,Kimberly,Nelson,lindsey38@example.com,(492)633-6908x621,"6325 Martha Lane Suite 098
Lake Samanthaville, MA 81862",1977-10-24,True,3,9,25,3,3
91,Yvette,Hall,jameswilliams@example.net,(791)938-8482,"7865 Marsh Villages
Petersenborough, SC 38565",1962-05-28,True,5,7,7,10,1
92,Rebecca,Jenkins,joshuaphillips@example.com,590-545-6942x8382,"63089 Bailey Track
Hardyhaven, KS 26702",1987-05-09,True,5,6,42,8,1
93,Manuel,Case,eholland@example.org,(630)228-7879x7874,"569 Meyer Landing
Alexanderton, OK 98440",2002-08-25,True,1,8,46,5,3
94,Brendan,Smith,james40@example.net,2127222763,"97802 Sandra Keys Suite 416
Walkerhaven, AZ 19836",1990-04-26,True,1,3,14,3,3
95,Tammy,Johnson,norma37@example.com,+1-479-647-9809,"3181 Henry Mission
Gordonland, SD 63036",1965-11-22,True,2,5,15,6,4
96,Lauren,Knight,tturner@example.net,+1-517-711-1329x4972,"PSC 6172, Box 6773
APO AA 42347",1985-08-09,True,3,1,4,15,4
97,David,Moss,obrienbonnie@example.com,(270)462-2755,"1516 Drake Flat Suite 796
Michellechester, NM 84670",1968-08-31,True,3,1,40,25,4
98,Kristopher,Rodgers,stephaniereynolds@example.com,397-924-2511x5877,"427 William Locks
Port Ricardoville, KS 86900",1992-06-10,True,2,9,41,3,3
99,Luke,Walker,ryan96@example.com,663.260.6389,"548 Moore Manor
Lake James, DC 12442",1963-01-23,True,2,6,39,23,3
100,Hector,Hill,kennethrichardson@example.com,(424)393-3344,"7402 Turner Track Suite 126
Lutzton, AK 82042",1959-11-12,True,2,8,29,27,1
101,Nicole,Hoffman,gbutler@example.net,321.340.0651,"8387 Ashley Row
Johnfurt, IN 36328",1987-12-09,True,1,9,2,27,3
102,Jessica,Reed,steven42@example.net,212-380-5429x13171,"2199 Amanda Parkways
Bookerfort, VA 84747",1975-10-05,True,1,9,38,28,1
103,Alex,Coffey,dennisward@example.com,908.665.5690x981,"4509 Bruce Skyway
Jessicaville, DE 44227",1990-05-29,True,2,9,2,27,3
104,David,Snyder,allisoncurtis@example.com,(395)530-6500x585,"27816 Eddie Fort
Grahamport, FM 13240",1995-03-03,True,3,3,33,11,3
105,Mary,Whitney,ujimenez@example.org,667-920-2232x4835,"957 Lindsay Highway Apt. 138
South Gabrielberg, ME 05215",1971-10-31,True,1,5,26,1,1
106,Lonnie,Rose,raymond53@example.org,799-523-4885,"92135 Taylor Common
East Melissaland, RI 92230",1991-08-30,True,3,1,45,21,4
107,Donna,Berg,smithjustin@example.net,(340)615-3374x33063,"7351 Nichols Tunnel
South David, WY 58402",1976-06-12,True,1,6,40,25,1
108,Cheyenne,Gentry,matthewsjoseph@example.net,849-983-2505,"061 Reese Neck
Port Lisabury, PR 36749",1974-09-25,True,1,1,15,6,1
109,Michael,Turner,roy92@example.com,+1-838-585-6357,"82780 Collins Pass
Donnaburgh, UT 81904",1965-01-04,True,5,8,27,24,3
110,Aimee,Riley,juliawilson@example.org,(694)289-7353,"070 Jacob Drives Apt. 391
East Dustin, NY 75458",1999-11-13,True,5,8,27,24,4
111,Alexandra,Banks,ana74@example.com,700.478.6772x1504,"528 Anne Vista Apt. 452
Guzmanburgh, NC 23162",1960-11-16,True,5,2,21,5,4
112,Shane,Richards,meaganpeterson@example.com,+1-667-235-5355x488,"06249 Armstrong Forest
North Melanieton, ID 49595",2001-09-20,True,5,3,33,11,4
113,Don,Lopez,taylormarc@example.net,+1-655-348-9591x8589,"6456 Long Cape Apt. 148
Lake Brandon, LA 11560",1967-11-03,True,3,6,37,12,4
114,Andrea,Macias,vthompson@example.org,268.573.6434x722,"7501 Barnes Roads Apt. 375
South Brianna, MP 84735",1985-11-11,True,2,2,48,23,3
115,Tricia,Daniels,tyler60@example.com,814-627-4310x12817,"65105 Ryan Square Suite 834
Hoffmanville, CO 44623",1983-08-03,True,3,6,50,12,3
116,Victoria,Hoffman,lori29@example.com,633.294.1727,"7839 Ashley Pike Apt. 796
New Melissa, NJ 79729",1967-01-27,True,2,4,36,19,4
117,John,Smith,leonemily@example.net,649.818.1522x21386,"378 Villarreal Mountains
Scottshire, SC 18390",1976-08-07,True,5,2,1,30,4
118,Eric,Carpenter,stephanie37@example.org,+1-890-304-5417x340,"7929 Karen Skyway Apt. 367
New Shaunmouth, WI 75367",1975-01-24,True,3,3,11,18,1
119,Shawn,Lara,peterhodge@example.org,672.679.8827,"PSC 7393, Box 9731
APO AE 06838",1960-10-18,True,2,2,42,8,3
120,Michael,Maxwell,jeffrey75@example.com,+1-328-984-7049x87468,"52552 Courtney Plaza
Theodorefurt, TN 26371",1980-11-03,True,1,7,46,5,4
121,Jacqueline,Kirk,destinycarson@example.net,(734)429-1741x58103,"2825 Melanie Squares Apt. 456
Port Robertville, NH 55104",1978-05-09,True,2,3,6,23,3
122,Lori,Stewart,acostaronald@example.org,(211)853-4382x5166,"14864 Brewer Station Suite 695
Lake Kennethborough, CT 68169",2002-03-31,True,3,8,2,27,4
123,Gregory,Collins,pattersonconnor@example.com,5385702651,"4013 King Shore
Fishertown, OH 84755",1965-12-29,True,1,2,2,27,2
124,Sonya,Richardson,marshallcaroline@example.org,225.594.0556x667,"32189 Johnson Ridges
Port Jeffreytown, IA 89626",1964-09-19,True,5,9,43,14,1
125,Steven,White,carolthomas@example.net,(952)524-4670,"3884 Hall Tunnel Suite 175
Rebeccaton, NM 71521",1984-01-27,True,1,3,22,3,1
126,Bradley,Salinas,samanthalittle@example.com,5383553582,"096 Miranda Parks
Port Mitchellborough, SD 79970",1967-07-07,True,3,5,3,28,4
127,Elizabeth,Riggs,shirley53@example.com,8984840673,"1449 Robert Village Apt. 934
Albertside, MO 90189",1960-05-21,True,5,8,47,14,1
128,Kimberly,Bowman,solson@example.com,668.682.5645x67048,"22809 Cervantes Isle
West Johnhaven, MA 30861",2000-07-30,True,2,7,42,8,4
129,Dustin,Cowan,sharon68@example.com,611.729.9960,"27187 Rose Mountain Apt. 796
Henryfurt, MD 06706",1991-11-06,True,3,1,10,29,4
130,Cynthia,Howell,hoodbrittany@example.net,(584)370-5085,"562 Dawn Lane
Johnsonchester, KY 97190",1988-06-02,True,2,5,28,30,4
131,Richard,Davis,jlogan@example.org,(388)490-9183,"209 Kara Islands
Michaelstad, GU 88624",1994-01-26,True,1,9,9,6,4
132,Anthony,Jackson,xjohnson@example.net,658-358-7963x944,"1321 Morton Square Suite 942
West Richard, SD 55242",1971-03-03,True,2,7,15,6,1
133,Sarah,Hunter,kristin81@example.org,(928)327-9683x33004,"6972 Johnson Fork Apt. 764
New Tina, NE 63047",1967-01-19,True,3,6,44,19,1
134,Peter,Sutton,hrobinson@example.net,359-289-6152,"1799 Elizabeth Trail
Murphyhaven, MD 85397",1960-09-10,True,2,3,13,28,1
135,Elijah,Fowler,porterpeggy@example.com,+1-501-614-3033x32846,"4605 Alexander Falls
Leslieshire, OK 07266",1981-11-19,True,1,8,50,12,1
136,Nicole,Delgado,staceyweaver@example.com,+1-676-671-7709,"8884 Jessica Landing
Washingtonton, MN 29743",1991-10-16,True,1,4,40,25,4
137,Jimmy,Sexton,william44@example.net,8795980428,"6568 Harris Bypass
Clarkton, OH 78283",2000-08-18,True,3,3,9,6,4
138,Maria,Montgomery,donald58@example.com,649.570.0149x7898,"168 Steven Junctions
North Bradley, AS 05795",2004-04-04,True,2,6,29,27,4
139,Jessica,Stevens,jean44@example.com,896-514-1426x376,"34654 Robertson Crescent
West Sandra, AS 54542",1982-12-24,True,3,7,42,8,4
140,James,Mathis,margaretherrera@example.net,+1-677-309-8848x956,"437 Little Causeway
Medinamouth, MS 54221",1989-02-19,True,3,2,9,6,4
141,David,Harrington,wdyer@example.net,4842750900,"35924 Chandler Union
Turnerstad, HI 22325",2001-04-07,True,3,2,19,10,1
142,Bobby,Arroyo,garrettlinda@example.org,713.314.6424,"3529 Kevin Creek
South Vickibury, DC 60525",2005-11-25,True,3,3,44,19,3
143,James,Watson,jose72@example.com,707.262.5750,"6472 Flores Lodge
Jacobsside, OR 08710",1984-02-14,True,5,3,15,6,3
144,Thomas,Patel,flucas@example.net,243-908-9609,"Unit 9845 Box 1942
DPO AP 27679",2002-05-04,True,5,5,46,5,1
145,Cheryl,Davis,oconnormary@example.com,(609)607-1727x184,"527 Jimmy Valleys Suite 411
West Dorothyside, IN 91437",1987-12-05,True,5,3,21,5,4
146,Cody,Blair,theresabrown@example.net,782-643-4467x182,"2875 Bennett Circle
Katieton, PR 83026",1995-03-26,True,3,8,8,6,4
147,Ashley,Berry,lucasaaron@example.org,+1-508-303-8711x2186,"PSC 3728, Box 5257
APO AE 25265",1962-08-01,True,1,2,44,19,4
148,Jennifer,Garcia,james94@example.com,498-724-3651x05379,"474 Woodard Roads Suite 505
North Katherinemouth, ME 39581",1976-03-10,True,1,9,32,10,3
149,Leslie,Martinez,johnsonalexander@example.org,995.989.3613,"903 King Meadows Suite 595
South Joshua, CO 06894",2000-06-23,True,5,7,3,28,1
150,Henry,Martin,gdalton@example.org,4896930894,"211 Cynthia Mountain Suite 071
South Shannonland, ND 84868",1988-10-19,True,1,2,6,23,1
151,Ashlee,Cortez,michaelreynolds@example.net,355-339-7002x17054,"4136 Jessica Turnpike Suite 184
North Tyroneland, OH 25213",1984-01-14,True,2,4,19,10,1
152,Wendy,Ball,christopher12@example.org,(206)380-5983,"Unit 6686 Box 4575
DPO AA 01261",1999-02-02,True,2,7,48,23,1
153,Claire,Roberts,bcardenas@example.com,4763537065,"3750 Sandra Estate
West Stevenburgh, AK 20888",1986-08-09,True,5,1,28,30,1
154,Steven,Nguyen,tranvincent@example.net,775-913-1675,"9586 Rebecca Extensions Suite 039
East Lucasmouth, GU 81220",1989-03-09,True,2,7,16,13,3
155,Erica,Moses,philip21@example.org,(451)500-1030,"34881 Clark Dam Suite 358
Oconnellborough, WA 61725",1966-03-04,True,1,8,26,1,1
156,Jared,Walsh,allenalejandro@example.net,(646)300-3843,"Unit 9530 Box 9999
DPO AA 11747",1985-05-19,True,1,2,5,22,1
157,Megan,Merritt,shawn41@example.org,001-575-597-4457,"37313 Heidi Estate
New Donna, WY 50586",1984-03-15,True,3,6,31,3,4
158,Stephanie,Miller,qedwards@example.com,(772)416-4552,"USNS Cook
FPO AE 31385",2002-10-22,True,2,5,32,10,4
159,Wendy,Pratt,chavezdenise@example.net,(324)240-5042x423,"68776 Smith Square
New Crystaltown, NM 45588",1971-05-12,True,3,4,24,26,4
160,Matthew,Estrada,madisonsutton@example.net,001-907-582-9104x84693,"PSC 9555, Box 3842
APO AA 73667",1968-10-05,True,3,7,22,3,4
161,Arthur,Terry,hardinsean@example.com,+1-626-501-7631x522,"39683 Hamilton Fall
Lake Deannaville, TX 14599",1992-07-01,True,2,3,28,30,3
162,Katie,Davis,wwilson@example.org,847.273.3786x617,"017 Rodgers Streets Apt. 615
West Mary, NE 14540",1977-12-01,True,5,5,18,4,4
163,Nicholas,Aguilar,jbrown@example.org,001-835-359-9295,"006 Jefferson Island Suite 846
Owenston, FM 13081",1978-11-14,True,1,1,18,4,3
164,Nancy,Gregory,goodmanlorraine@example.net,(252)353-8527x8335,"78187 Keith Drive Apt. 704
Port Kimberly, NY 73236",1977-10-09,True,5,3,27,24,1
165,Kristie,Downs,anthonymaldonado@example.com,231-525-9555x08448,"5926 Kenneth Circle Apt. 461
Douglasshire, SC 61207",1984-03-30,True,2,2,28,30,1
166,Rhonda,Cox,xdominguez@example.com,(541)752-2469x564,"Unit 0119 Box 0177
DPO AE 05194",1976-06-14,True,1,5,23,15,1
167,Karen,Porter,nicole17@example.com,521-959-3708x49989,"878 Decker Road Suite 024
South Sharonside, GA 73094",1991-02-02,True,5,2,23,15,1
168,Chris,Stone,boyleamanda@example.org,001-347-232-4580,"54602 Santiago Circles Suite 639
Lake Brendafort, OR 90552",1994-12-25,True,1,5,36,19,1
169,Nicole,Vega,wendyferguson@example.net,+1-446-536-0737x0069,"1475 Floyd Crossroad Suite 191
Tamarahaven, MO 12567",1982-09-12,True,3,8,40,25,4
170,Julie,Cortez,jeffrey68@example.com,001-685-951-3550x4721,"4667 Katherine Groves
Port Margaretchester, PA 82670",1972-10-06,True,2,7,39,23,4
171,Brianna,Rodriguez,luis15@example.org,754.467.3722x5979,"8364 Herrera Crescent Apt. 851
Alvarezport, ND 65449",1966-01-04,True,5,8,47,14,3
172,Jeffrey,Garcia,jeff57@example.com,+1-899-690-0830x754,"85810 Oscar Shoal Apt. 351
Dayburgh, MH 82244",1985-01-16,True,5,5,16,13,3
173,Christopher,Chavez,wesley69@example.net,001-701-661-3398x3020,"42813 Wall Crossroad
Georgechester, VT 48538",1996-11-29,True,2,7,26,1,4
174,Elizabeth,Marquez,cjohnson@example.com,001-853-767-9598x1004,"2056 Chris Falls Apt. 677
North Sarah, OK 31968",1984-03-05,True,3,4,47,14,4
175,Jessica,Herrera,michael80@example.net,734.420.4915,"29131 Brian Road Apt. 645
East Theresa, NY 97644",1997-06-01,True,1,3,29,27,4
176,Johnathan,Smith,harrisjeffery@example.net,(383)487-6705,"Unit 9433 Box 8605
DPO AP 10515",2000-12-23,True,1,7,40,25,1
177,Catherine,Gonzales,paula96@example.net,+1-720-671-4407x1757,"6392 Kyle Trafficway Suite 704
New Clayton, OH 32662",1992-09-26,True,2,3,9,6,1
178,Dakota,Li,amychoi@example.com,001-971-695-6200x82051,"924 Gonzales Heights Suite 115
Guzmanport, NV 75741",1997-04-25,True,5,6,11,18,4
179,Daniel,Jackson,camposamy@example.com,307-846-8910,"20340 Miguel Trail Suite 316
Lewisbury, MH 81557",1993-06-29,True,2,7,4,15,4
180,Alan,Rodriguez,bowersamanda@example.org,(693)645-4159,"89963 Fernandez Dam
Port Michael, VI 47611",1966-03-13,True,3,9,10,29,1
181,Garrett,Bass,bwells@example.net,579-962-0512x1129,"7616 Graham Streets Suite 737
New Elizabethfurt, OK 42202",1988-12-12,True,2,2,48,23,1
182,Richard,Wagner,stanleykane@example.org,9673132182,"89229 Vang Centers Suite 436
Duncanside, FL 82208",1973-09-23,True,5,5,32,10,4
183,Jennifer,Smith,pauljordan@example.com,+1-969-618-9000x9570,"1988 Mendez Mount Apt. 336
Benjaminview, PA 60861",1985-03-29,True,2,3,42,8,1
184,Jennifer,Walsh,frank19@example.org,001-917-303-2471x64566,"51338 Kathryn Terrace
Johnsonshire, IL 80836",1969-06-17,True,5,6,3,28,1
185,Michelle,Johnson,krobinson@example.net,668-380-4069,"85516 Jade Coves
Lake Brianchester, MT 87479",1968-09-12,True,1,3,38,28,1
186,Tyler,Harding,chelseacalderon@example.com,001-858-303-3804x210,"395 Jacqueline Well
Amberstad, MO 70826",1993-06-12,True,1,2,34,28,3
187,Laura,Robertson,parkerjoseph@example.com,+1-276-759-7518x4729,"5354 Hubbard Run Apt. 609
Benjaminfurt, MD 69107",1980-09-12,True,2,9,46,5,2
188,Anne,Giles,andrew43@example.com,(294)647-9551x02984,"40505 Angela Falls
Lake Alexander, ID 44229",1969-10-28,True,3,6,12,12,3
189,Natalie,Thompson,carolgreen@example.net,(355)687-8655x946,"1588 Henry Gardens
East Jaredville, SD 36096",1995-03-15,True,2,8,33,11,4
190,Michael,Dougherty,wilkersonpatricia@example.com,729-866-5948,"0747 Daniel Road Suite 636
East Kevin, OK 53579",1972-06-21,True,1,4,10,29,2
191,Tamara,Cook,herbert28@example.com,907.559.3477x356,"6842 Cooper Trail Suite 669
Edwardsville, CA 18168",2001-11-17,True,5,1,31,3,4
192,Samantha,Gomez,hamiltonrobert@example.com,426-562-4160x6221,"7725 Mckay Port
Danielton, GU 75593",1979-02-20,True,5,8,45,21,1
193,Timothy,Gallegos,boydsharon@example.com,(248)273-0315,"3909 Ricky Parkway Suite 592
Lake Travisstad, DE 27511",1983-06-22,True,5,3,43,14,3
194,Sean,Wright,zbanks@example.net,602-755-3360,"902 Carlos Center Apt. 723
North Derekberg, NC 28233",1961-12-05,True,3,5,20,30,1
195,Courtney,Clark,cynthia13@example.com,(649)772-4031x05437,"281 Deborah Pines Apt. 608
Jackland, VI 98772",1963-07-18,True,2,1,21,5,4
196,Eric,Gonzales,jacobweiss@example.com,6543554046,"15060 Travis Burgs Suite 329
Murrayview, ND 40086",1962-07-27,True,1,8,31,3,4
197,Lori,Lynch,ojennings@example.com,2865595084,"94438 Ashley Via
New Denise, AS 81824",1961-04-11,True,1,9,6,23,1
198,Cindy,Murray,vwood@example.org,2879293132,"0510 Mora Way Apt. 887
Rodneytown, AZ 71771",1968-10-06,True,1,4,6,23,4
199,Michael,Gibbs,sandersluis@example.com,001-772-218-2642x48222,"040 Allison Wall
Jamieberg, PA 60397",1997-09-08,True,3,6,40,25,1
200,Samuel,Logan,janicecummings@example.org,+1-731-260-2547x4291,"22092 Linda Roads Apt. 010
Jeffreyside, IA 71503",2000-07-08,True,3,5,44,19,4
201,Keith,Ramsey,mwest@example.com,(314)565-8777x74240,"3888 Galvan Ports
South Richard, HI 80222",2007-06-18,True,3,6,41,3,1
202,Shelby,Mcgee,jbecker@example.org,756.629.9378,"307 Katherine Course
New Alexander, SD 42459",1982-08-06,True,5,5,42,8,4
203,Alicia,Palmer,martinezwendy@example.org,592.945.5901,"61110 Guerra Stream Suite 727
Lake Carlosfort, MI 95341",1974-11-27,True,1,2,28,30,1
204,Kenneth,Harrison,egreen@example.com,322-410-7769,"66708 Farmer Burgs Apt. 989
Lake Ericland, AR 26481",1965-09-28,True,2,5,8,6,4
205,Sara,Guerrero,nicholsonheather@example.com,(970)362-4223x7903,"PSC 8187, Box 5995
APO AE 67024",1968-01-27,True,3,7,31,3,1
206,Anthony,Porter,huntermichael@example.org,(409)358-2741,"266 Myers Shoals Suite 994
Port Gregory, CT 41419",1986-11-21,True,5,2,28,30,1
207,Tracy,Gomez,derrickcurtis@example.org,(935)950-3358x197,"5697 Eric Groves Apt. 616
Port Jerry, DC 19889",1961-03-29,True,2,7,13,28,1
208,Adam,Flores,kclark@example.org,+1-913-265-8696x22177,"088 Andres Roads Apt. 343
Parsonsberg, MT 25808",1975-05-30,True,5,1,12,12,1
209,Jerry,Franklin,deborah85@example.com,(770)241-3231,"2766 Zamora Rapid Apt. 222
North Julieland, WA 64023",1962-06-06,True,3,6,10,29,1
210,Shannon,Hampton,brandinorton@example.com,+1-362-641-7579x142,"542 Gregory Mountain
Weberland, LA 37513",1985-01-12,True,5,9,31,3,1
211,Jennifer,Bullock,collinsjohn@example.org,(646)800-4765x101,"59767 Scott Flats
West Tiffanyhaven, DE 23194",1966-12-25,True,1,2,4,15,4
212,Taylor,Hebert,karen13@example.org,971.900.5804,"28462 Phillips Causeway Apt. 421
Lake Collintown, NV 62630",1985-06-02,True,2,1,50,12,4
213,Hannah,Soto,jermaineholland@example.net,472.533.2512,"3698 Harris Plaza Suite 896
Meredithhaven, MI 52694",1978-01-29,True,3,3,37,12,1
214,Beth,Murphy,josephpayne@example.org,+1-805-826-2490x40575,"83750 Stewart Way Suite 960
East Randytown, GA 58215",1978-07-08,True,5,3,33,11,1
215,Leonard,Rodriguez,aday@example.net,+1-623-572-3847x74564,"2976 Yvonne Island
Taylorberg, AZ 67117",1984-10-25,True,2,5,1,30,1
216,Gabrielle,Johnson,bcarlson@example.com,707-471-9003x97850,"0196 Bryce Islands
New Julianburgh, KS 15998",1988-12-13,True,3,1,43,14,1
217,Kendra,Miller,john58@example.net,379.228.9866x427,"2639 Christine Oval
West Maryland, AZ 25632",1997-06-11,True,1,6,6,23,1
218,Vickie,Gonzales,alice55@example.org,001-574-210-3900x1626,"8318 James Parkways
West Christophermouth, ND 22682",1981-12-28,True,5,4,9,6,1
219,Thomas,Mcfarland,william61@example.com,(480)844-9590,"927 Ryan Forge Apt. 536
Lake Sean, VT 88186",1983-08-09,True,5,7,46,5,1
220,Cathy,Moon,kennethhicks@example.com,(873)350-6829x621,"64425 Williams Causeway Suite 516
Stephenmouth, WA 54698",1990-12-02,True,1,9,17,13,4
221,Lisa,Jacobs,stephen18@example.org,+1-221-365-4424x853,"USS Gardner
FPO AA 97028",1987-06-21,True,3,6,7,10,1
222,Rita,Frank,alexandra72@example.net,+1-869-710-3252x057,"413 Caleb Mission Suite 040
North Amy, KS 67700",1994-04-08,True,3,9,5,22,1
223,Andrew,Parker,alexander70@example.com,474-921-5676x0803,"5381 Deanna Rest Suite 838
Abbottton, VT 14602",1960-03-04,True,3,1,1,30,1
224,Dwayne,Beck,xgarcia@example.net,892-718-0986x71448,"57228 Adams Creek
New Joelland, NJ 24103",2004-03-28,True,2,5,29,27,1
225,Morgan,Smith,carrieellis@example.org,001-662-257-2687,"1254 Jason Fords
South Jeremyton, MP 91267",1976-02-13,True,5,6,32,10,4
226,Jose,Gardner,jane63@example.org,392-674-8543,"246 Sara Burgs Suite 000
Mercadofurt, NH 95404",2000-07-16,True,5,4,15,6,1
227,Kayla,Wells,amber88@example.net,445-386-4178x188,"29753 Mary Harbors
Lake James, ND 94698",2006-09-23,True,1,1,29,27,1
228,Whitney,Martinez,sophia54@example.net,001-232-803-8050x92469,"68256 Martin Circle Suite 034
West William, NC 41700",1984-01-27,True,5,6,48,23,3
229,Anthony,Pearson,peterlee@example.org,(329)637-1796x5379,"Unit 8132 Box 8824
DPO AE 74997",1982-08-22,True,3,1,35,8,1
230,Martin,Madden,colinwilliamson@example.net,689.929.8403x4308,"868 Jackson Trail
Clarkshire, WY 74550",1982-12-26,True,2,4,9,6,1
231,Sarah,Pugh,carlsonharold@example.com,+1-847-747-5979,"372 Lopez Squares
Perezville, KS 28698",1983-11-16,True,2,9,3,28,1
232,Amber,Ross,robertsjesus@example.com,(210)856-3514x150,"101 Huff Dale
Vincentborough, MP 40833",2004-02-25,True,3,1,44,19,1
233,Philip,Ballard,zbeasley@example.net,(710)614-9275x772,"1929 Susan Summit
Amandaport, CO 29535",2000-12-18,True,5,6,17,13,1
234,Anna,Gonzalez,xshepherd@example.org,(602)712-7531x42247,"419 Tyler Harbor Apt. 783
Villarrealmouth, SC 92089",1995-11-26,True,1,8,46,5,4
235,Shelby,Powell,kevin19@example.org,532-496-1257x105,"136 Scott Overpass Apt. 548
North Crystal, IA 19070",1972-04-07,True,3,8,33,11,3
236,Carl,Johnson,chad63@example.net,001-902-218-3963x5836,"PSC 0740, Box 9360
APO AA 80732",1963-09-25,True,3,4,4,15,4
237,Connie,Jones,rebecca29@example.net,+1-954-590-0857,"17893 Stein Trace
Port Jeffreyberg, OK 73791",1990-02-06,True,1,2,46,5,4
238,Dominique,Barrett,kennedysylvia@example.com,001-908-400-6128,"362 Donald Key Suite 852
West Shane, MD 21119",1974-07-16,True,3,5,49,13,1
239,William,Fisher,juliansteele@example.net,215-994-6917,"PSC 3057, Box 4486
APO AP 72629",1966-02-14,True,5,1,9,6,1
240,Joshua,Mejia,stephen89@example.net,382-441-7357,"765 Nina Locks
Bowenmouth, IN 75376",2003-07-13,True,2,4,35,8,3
241,Deborah,Knapp,cvalencia@example.net,+1-914-276-8787,"0680 Jasmine Rue
Destinyborough, KY 66515",1996-08-17,True,1,4,3,28,4
242,Amber,Mcdonald,alexandriaburke@example.org,+1-653-915-4145x5714,"82676 Kenneth Cliff
West Melissaside, KY 21654",1987-05-04,True,3,7,38,28,1
243,Thomas,Chapman,carpenterrichard@example.com,679.772.9421x18541,"98592 James Village Apt. 878
South Crystal, UT 72075",2003-11-09,True,3,3,5,22,1
244,Ryan,Rodriguez,amyfitzgerald@example.com,283.760.8429,"028 Reginald Grove
Stewartberg, AS 33703",1963-09-22,True,3,8,25,3,4
245,Karen,Taylor,brownrenee@example.org,(223)982-8678,"8640 Kayla Keys Suite 387
Melanieville, NH 80622",2006-10-30,True,1,2,14,3,3
246,Meagan,Gonzalez,michaeljones@example.com,5539282240,"53218 Rodriguez Estates Suite 819
Barrybury, DC 38887",1980-03-18,True,3,6,5,22,1
247,Joshua,George,glassjeffrey@example.com,(604)730-1190x725,"98069 David Manors Suite 398
North Carolyn, MS 87064",1987-04-19,True,2,3,8,6,4
248,Mark,Ross,belinda42@example.com,591-429-7029x531,"19850 Jessica Station
East Karenchester, ID 09600",1973-09-20,True,5,9,31,3,3
249,Lance,Clark,kwilliams@example.com,764.228.6678,"90172 Smith Ramp Suite 910
North Shannon, PR 18465",1984-01-24,True,5,3,24,26,2
250,Daniel,Jackson,wmoore@example.com,621.959.3070x7571,"9589 Erika Mountains
Port Jaredport, TX 04035",2004-05-20,True,2,4,25,3,1
251,Jeffrey,Farley,dominguezkyle@example.org,540-891-6414x840,"247 Christina Extensions
Gabrielborough, GU 17327",1990-07-22,True,3,6,14,3,3
252,Lisa,Harris,sburch@example.com,(664)914-5863,"6151 Mcclure Fort Apt. 378
Christopherland, OK 81637",1991-01-07,True,5,9,11,18,4
253,Jeffrey,Becker,ashley60@example.com,001-919-991-6459,"Unit 3093 Box 3012
DPO AA 47086",1960-05-16,True,2,2,5,22,1
254,Renee,Mitchell,williamslisa@example.org,001-727-809-2005x6850,"PSC 8191, Box 1596
APO AA 90773",1963-02-20,True,1,4,1,30,4
255,John,Bennett,angelamiller@example.org,+1-846-489-4853x28860,"85226 Elliott Stravenue Suite 764
Shawnburgh, VT 95947",1961-08-02,True,2,4,50,12,3
256,Leah,Wang,williampayne@example.net,382.975.1546x70268,"2346 Black Oval
South Wandafurt, KS 96842",1983-03-14,True,3,6,27,24,3
257,Jeremy,Gonzalez,xsimpson@example.com,667.374.6468,"44041 Heather Union Apt. 228
Lake Terrifurt, MS 30428",1971-03-17,True,5,1,13,28,4
258,Dana,Mejia,diana83@example.net,001-321-677-9632x95291,"2048 Cooper Radial
Lake Barryborough, SC 88827",2004-06-21,True,2,2,45,21,1
259,Matthew,Curry,wwelch@example.net,001-770-691-4606x14817,"883 Daniel Meadow Suite 825
Garretttown, SD 50426",1969-03-20,True,3,7,2,27,1
260,Diamond,Lucas,tfields@example.org,001-939-926-6064x86962,"946 Rachel Viaduct
West Patriciaside, SC 76243",1982-06-19,True,5,7,10,29,2
261,Kathleen,Baker,howardryan@example.net,(690)278-3604,"12357 Dixon Haven Suite 299
North Trevormouth, SC 35067",2000-04-14,True,2,5,1,30,4
262,Curtis,Fowler,maciasjames@example.com,+1-688-671-4574,"23543 Wade Stravenue
East Andreabury, IL 40298",1990-10-05,True,5,2,26,1,4
263,Erica,Martin,robin53@example.com,+1-620-318-6045x236,"2210 Robin Brook Suite 811
Andrewtown, NC 36005",1961-10-09,True,2,1,31,3,1
264,John,Lopez,kaitlyntran@example.net,+1-675-543-4161,"364 Hamilton Course
South Scott, IA 56661",1990-01-14,True,3,1,14,3,1
265,Larry,Ferguson,christopher25@example.com,+1-707-631-5041x2207,"448 Cruz Vista Suite 201
North Scott, FM 40183",1994-08-21,True,5,3,29,27,1
266,Cheryl,Dickerson,rogersjenna@example.net,+1-259-858-4780x266,"2516 Dean Coves Suite 129
Fisherbury, CA 67260",1977-11-06,True,1,6,20,30,3
267,Sean,Villanueva,gthomas@example.net,285.683.2853x4126,"90765 Christopher Trafficway
Howeshire, MI 99216",1989-03-22,True,2,4,48,23,1
268,Steven,Johnson,cjones@example.org,654.930.7914,"139 Marie Way Apt. 651
Dianatown, PA 82228",1997-04-02,True,5,5,27,24,1
269,Maria,Avery,rodriguezjonathan@example.com,001-666-236-8620x246,"Unit 8864 Box 6482
DPO AA 76769",1984-12-15,True,3,9,7,10,4
270,Trevor,Hernandez,jordan38@example.org,(334)750-0877x293,"593 Justin Ramp Suite 920
Jodyborough, AZ 69729",1963-04-06,True,3,8,22,3,4
271,Bryan,Bennett,mmorris@example.net,+1-556-589-3298,"3981 Caldwell Fields
Katherinefort, CO 42596",1984-10-22,True,5,8,41,3,3
272,Jessica,Walker,kristinacollins@example.com,001-694-788-3152,"4716 Harrison Curve Apt. 450
Shortton, GU 12102",1963-10-25,True,3,2,40,25,4
273,Michael,Day,bharvey@example.org,319.990.7182,"USNS Gutierrez
FPO AE 20839",1968-06-23,True,1,4,8,6,1
274,Jennifer,Obrien,khughes@example.net,582-629-9510x246,"75772 Hall Groves Apt. 326
Mcleanview, LA 99612",1997-05-24,True,3,1,48,23,1
275,Megan,Bradley,rlopez@example.com,+1-247-793-0671x3323,"379 Miguel Bridge Suite 105
East Lisa, NH 09065",2001-08-23,True,2,3,23,15,4
276,Eric,Smith,amandahunter@example.net,892.500.1213,"9322 Woods Landing Suite 896
West Curtishaven, WY 10078",1988-07-24,True,3,1,28,30,1
277,Diana,Jones,david37@example.net,937.793.6222,"0734 Peter Loop Suite 684
Port Anthony, LA 93666",1986-12-17,True,3,6,2,27,4
278,Hannah,Kennedy,robert19@example.org,+1-566-898-8711,"Unit 8894 Box 1986
DPO AP 11194",1964-04-26,True,5,5,30,17,1
279,Melissa,Jones,tiffanyford@example.org,4029070679,"2877 Willie Unions Suite 249
Jenkinsport, TN 57608",1984-01-15,True,3,1,1,30,1
280,Lisa,Williams,xclark@example.org,001-206-234-2554x3796,"32958 Dustin Rapid Apt. 172
West Christopher, RI 37386",1974-08-28,True,2,1,9,6,1
281,Brenda,Carroll,fpowell@example.com,246.372.4434,"USS Christensen
FPO AA 62148",1997-12-14,True,5,4,44,19,4
282,Rebecca,Davis,frankthomas@example.net,548.692.8588x46272,"85950 Samuel Lane
Irwinmouth, PW 05955",1964-08-23,True,5,3,24,26,1
283,Victor,Pope,tracyjohnson@example.com,4588116993,"613 Shirley Lights
Lake Suzanneview, MP 93553",1973-08-29,True,3,8,45,21,1
284,Jessica,Norman,ivelasquez@example.com,001-341-605-3149x84042,"223 Cross Island
Marshview, WV 91768",2005-02-17,True,5,3,33,11,4
285,Monique,Shelton,shawn00@example.net,7639911007,"168 Bowen Pass
Gonzalezbury, WY 46471",1965-02-22,True,2,9,19,10,4
286,Briana,Mason,choimary@example.com,(512)225-9592x5275,"97589 Jones Common
New William, SC 18819",1980-11-30,True,5,1,47,14,1
287,Zachary,Harvey,jenniferbutler@example.net,891-512-3779x440,"Unit 6051 Box 6673
DPO AA 46301",2003-12-18,True,5,5,14,3,4
288,John,Rodriguez,gyoung@example.org,486.264.3028,"USNV Sanders
FPO AE 86468",1968-09-16,True,3,1,17,13,1
289,Jesse,Sanders,jaime25@example.com,(847)701-2396x25942,"57476 Green Club
Barryland, GA 22927",2004-02-17,True,1,1,24,26,4
290,Paul,Henderson,tinawarner@example.com,703.965.0690x0062,"058 Brooke Road Suite 878
Anthonytown, ID 70099",1960-04-15,True,5,5,48,23,4
291,Isaac,Brooks,iweber@example.org,(385)531-2988,"Unit 6926 Box 3847
DPO AA 78545",1962-08-15,True,1,3,14,3,1
292,Erik,Thompson,gcisneros@example.org,(683)433-4178x338,"30002 Stark Walks Suite 710
Erichaven, CA 14463",1988-07-27,True,2,5,25,3,1
293,Renee,Johnson,deleonkaren@example.com,532.305.1373x282,"PSC 7730, Box 7447
APO AA 56480",1959-11-26,True,2,8,15,6,4
294,Christopher,Curry,jeff04@example.net,(502)565-4190,"7726 Brown Haven
Port Phillip, AZ 06222",1960-12-20,True,2,7,1,30,1
295,Eric,Small,marytaylor@example.org,2877766388,"961 Robert Camp
Munozside, HI 68137",2003-09-08,True,5,6,12,12,2
296,Melinda,Schneider,stevenmiller@example.com,+1-985-824-2216x6536,"0390 Mary Circle
West Andrea, CT 20176",1972-01-09,True,2,9,44,19,3
297,Mark,Henderson,shannonmitchell@example.net,693-366-8388,"88077 Sonya Fords
New Joshuamouth, MN 38319",1992-08-26,True,1,8,28,30,1
298,Matthew,Shah,blankenshipbrittany@example.org,001-515-620-7045x49903,"USCGC Kim
FPO AE 30602",1990-08-10,True,1,6,17,13,3
299,Miranda,Long,rioskimberly@example.org,+1-339-663-3427x702,"101 David Wells
Johnsonbury, MA 85168",1979-01-04,True,3,1,13,28,1
300,Alan,Evans,nicholsryan@example.net,617.559.8520,"74058 Hardy Crest Apt. 360
New Kaylashire, MT 61335",1978-04-26,True,1,3,25,3,1
